City_ID,City,Lat,Lng,Max Temp,Humidity,Cloudiness,Wind Speed,Country,Date
0,Moree,-29.4667,149.85,86.0,26,0,13.8,AU,2021-01-10 05:13:04
1,Lavrentiya,65.5833,-171.0,-11.74,85,3,7.56,RU,2021-01-10 05:13:04
2,Rikitea,-23.1203,-134.9692,78.73,76,100,15.08,PF,2021-01-10 05:13:04
3,Nantucket,41.2835,-70.0995,35.6,80,90,17.27,US,2021-01-10 05:13:04
4,Butaritari,3.0707,172.7902,80.91,82,100,19.37,KI,2021-01-10 05:13:04
5,Lebu,-37.6167,-73.65,53.83,91,31,8.25,CL,2021-01-10 05:13:04
6,Mataura,-46.1927,168.8643,57.99,82,97,21.99,NZ,2021-01-10 05:13:04
7,Klaksvik,62.2266,-6.589,30.2,86,75,13.8,FO,2021-01-10 05:13:04
8,Freeport,40.6576,-73.5832,34.0,47,1,16.11,US,2021-01-10 05:08:41
9,Hilo,19.7297,-155.09,73.4,73,20,4.61,US,2021-01-10 05:13:04
10,Vao,-22.6667,167.4833,80.37,85,100,11.59,NC,2021-01-10 05:11:33
11,Castro,-24.7911,-50.0119,63.86,97,91,6.53,BR,2021-01-10 05:13:05
12,Katobu,-4.9408,122.5276,90.79,56,59,4.45,ID,2021-01-10 05:13:05
13,Ushuaia,-54.8,-68.3,44.6,87,20,16.11,AR,2021-01-10 05:12:08
14,Erdenet,49.0333,104.0833,-4.36,85,54,5.35,MN,2021-01-10 05:13:05
15,East London,-33.0153,27.9116,69.8,78,75,9.22,ZA,2021-01-10 05:12:21
16,Robertsport,6.7533,-11.3686,79.52,82,11,9.64,LR,2021-01-10 05:13:05
17,Guerrero Negro,27.9769,-114.0611,58.19,83,0,7.96,MX,2021-01-10 05:13:06
18,Skibbereen,51.55,-9.2667,33.8,86,20,5.75,IE,2021-01-10 05:13:06
19,Golden,39.7555,-105.2211,30.0,93,90,6.91,US,2021-01-10 05:13:06
20,Faanui,-16.4833,-151.75,81.18,73,41,11.21,PF,2021-01-10 05:13:06
21,Manzil Salim,35.8567,8.4765,57.2,47,20,6.91,TN,2021-01-10 05:13:07
22,Tasiilaq,65.6145,-37.6368,15.8,57,75,3.44,GL,2021-01-10 05:13:07
23,Punta Arenas,-53.15,-70.9167,44.6,81,90,6.91,CL,2021-01-10 05:13:07
24,Vanimo,-2.6741,141.3028,84.78,70,100,4.81,PG,2021-01-10 05:13:07
25,Caravelas,-17.7125,-39.2481,76.44,86,6,8.32,BR,2021-01-10 05:13:07
26,Anadyr,64.75,177.4833,-31.0,68,0,8.95,RU,2021-01-10 05:13:08
27,Puerto Ayora,-0.7393,-90.3518,73.99,92,51,5.01,EC,2021-01-10 05:13:08
28,Bambous Virieux,-20.3428,57.7575,82.0,89,75,9.22,MU,2021-01-10 05:13:08
29,Jamestown,42.097,-79.2353,28.0,86,1,5.75,US,2021-01-10 05:13:08
30,Kavaratti,10.5669,72.642,82.9,74,50,9.98,IN,2021-01-10 05:13:08
31,Georgetown,5.4112,100.3354,87.8,58,20,10.36,MY,2021-01-10 05:10:28
32,Dzilam Gonzalez,21.2833,-88.9333,65.26,80,87,3.06,MX,2021-01-10 05:13:09
33,Avarua,-21.2078,-159.775,82.4,57,3,10.36,CK,2021-01-10 05:12:28
34,Oranjemund,-28.55,16.4333,61.95,86,10,14.52,NA,2021-01-10 05:13:09
35,Qaanaaq,77.484,-69.3632,-1.28,76,0,5.82,GL,2021-01-10 05:13:09
36,Tessalit,20.1986,1.0114,71.33,20,0,11.68,ML,2021-01-10 05:13:09
37,Hambantota,6.1241,81.1185,82.4,94,75,1.14,LK,2021-01-10 05:13:09
38,Tekeli,44.83,78.8239,24.33,79,0,9.48,KZ,2021-01-10 05:13:09
39,Abalak,58.1286,68.5944,-13.4,90,82,5.23,RU,2021-01-10 05:13:09
40,Cabo San Lucas,22.8909,-109.9124,62.6,51,1,4.32,MX,2021-01-10 05:09:48
41,Comodoro Rivadavia,-45.8667,-67.5,57.2,62,0,5.75,AR,2021-01-10 05:13:10
42,Sukumo,32.9333,132.7333,39.15,76,96,12.41,JP,2021-01-10 05:13:10
43,Hermanus,-34.4187,19.2345,62.01,93,100,11.9,ZA,2021-01-10 05:13:10
44,Bara,10.3744,10.7288,68.05,25,75,7.56,NG,2021-01-10 05:13:11
45,Tuktoyaktuk,69.4541,-133.0374,-5.8,77,1,11.5,CA,2021-01-10 05:13:11
46,Maceio,-9.6658,-35.7353,73.4,94,0,4.61,BR,2021-01-10 05:13:11
47,Bredasdorp,-34.5322,20.0403,64.4,72,99,3.44,ZA,2021-01-10 05:13:11
48,Saint-Philippe,-21.3585,55.7679,82.4,65,0,5.75,RE,2021-01-10 05:13:11
49,Yerbogachen,61.2767,108.0108,-8.63,90,100,2.01,RU,2021-01-10 05:13:11
50,Villa Carlos Paz,-31.4241,-64.4978,73.0,88,0,8.05,AR,2021-01-10 05:13:11
51,Chuy,-33.6971,-53.4616,65.77,89,13,6.6,UY,2021-01-10 05:13:12
52,Busselton,-33.65,115.3333,73.99,59,98,10.0,AU,2021-01-10 05:13:12
53,Torbay,47.6666,-52.7314,30.0,100,20,3.44,CA,2021-01-10 05:13:12
54,Pevek,69.7008,170.3133,-23.75,88,99,4.32,RU,2021-01-10 05:13:12
55,Phalaborwa,-23.943,31.1411,75.2,83,48,2.3,ZA,2021-01-10 05:13:12
56,Karratha,-20.7377,116.8463,106.41,15,14,14.92,AU,2021-01-10 05:13:12
57,Lydenburg,-25.0978,30.4597,72.0,88,26,0.92,ZA,2021-01-10 05:13:12
58,Nikolskoye,59.7035,30.7861,6.01,85,0,2.24,RU,2021-01-10 05:13:12
59,Antalaha,-14.9003,50.2788,81.34,70,1,1.92,MG,2021-01-10 05:11:22
60,Wolfsburg,52.4333,10.8,32.0,100,90,4.43,DE,2021-01-10 05:13:12
61,Montoro,38.0241,-4.3834,39.0,93,90,5.75,ES,2021-01-10 05:13:13
62,Ust-Kuyga,70.0167,135.6,-23.15,85,100,2.01,RU,2021-01-10 05:13:13
63,Severo-Kurilsk,50.6789,156.125,22.15,86,98,21.79,RU,2021-01-10 05:13:13
64,Toamasina,-18.1667,49.3833,84.2,70,40,4.61,MG,2021-01-10 05:13:13
65,San Quintin,30.4833,-115.95,56.46,83,3,2.15,MX,2021-01-10 05:13:13
66,Ilabaya,-17.4208,-70.5133,64.65,68,54,1.97,PE,2021-01-10 05:13:13
67,Albany,42.6001,-73.9662,25.0,57,87,5.79,US,2021-01-10 05:08:57
68,Souillac,-20.5167,57.5167,80.6,89,75,9.22,MU,2021-01-10 05:13:14
69,Santa Maria,-29.6842,-53.8069,70.23,72,6,1.77,BR,2021-01-10 05:10:40
70,Tazovskiy,67.4667,78.7,-26.05,85,0,8.95,RU,2021-01-10 05:13:14
71,Ribeira Grande,38.5167,-28.7,59.99,74,100,17.52,PT,2021-01-10 05:13:14
72,Kapaa,22.0752,-159.319,73.4,88,75,13.8,US,2021-01-10 05:13:14
73,Sao Joao Da Barra,-21.6403,-41.0511,76.42,89,98,13.58,BR,2021-01-10 05:13:14
74,San Policarpo,12.1791,125.5072,79.5,87,100,21.65,PH,2021-01-10 05:13:14
75,Port Alfred,-33.5906,26.891,71.01,81,13,5.01,ZA,2021-01-10 05:13:14
76,Hithadhoo,-0.6,73.0833,81.39,75,100,12.19,MV,2021-01-10 05:13:15
77,Riyadh,24.6877,46.7219,55.4,71,0,2.3,SA,2021-01-10 05:10:07
78,Sayyan,15.1718,44.3244,44.71,57,19,4.16,YE,2021-01-10 05:13:15
79,Porto-Vecchio,41.591,9.2795,46.4,93,75,12.66,FR,2021-01-10 05:13:15
80,Lichuan,30.3,108.85,36.41,81,99,0.76,CN,2021-01-10 05:13:15
81,Soria,41.6667,-2.6667,22.62,97,100,1.92,ES,2021-01-10 05:13:15
82,Saldanha,-33.0117,17.9442,64.4,72,36,9.22,ZA,2021-01-10 05:13:15
83,Palmas,-10.2128,-48.3603,69.8,100,75,2.3,BR,2021-01-10 05:13:15
84,Pacific Grove,36.6177,-121.9166,48.2,66,1,9.22,US,2021-01-10 05:13:11
85,Barrow,71.2906,-156.7887,5.0,78,90,3.27,US,2021-01-10 05:13:15
86,Bluff,-46.6,168.3333,57.99,82,96,21.99,NZ,2021-01-10 05:13:16
87,Atuona,-9.8,-139.0333,78.04,78,8,16.64,PF,2021-01-10 05:13:16
88,Hobart,-42.8794,147.3294,73.99,60,75,17.27,AU,2021-01-10 05:12:18
89,Bengkulu,-3.8004,102.2655,84.49,63,99,7.81,ID,2021-01-10 05:13:16
90,Straseni,47.1414,28.6103,26.6,100,20,1.14,MD,2021-01-10 05:13:16
91,Vaini,-21.2,-175.2,82.4,83,75,5.75,TO,2021-01-10 05:13:16
92,Yantal,56.8471,105.2542,0.82,89,100,8.12,RU,2021-01-10 05:13:16
93,Tuatapere,-46.1333,167.6833,57.99,82,90,21.99,NZ,2021-01-10 05:13:16
94,Ilulissat,69.2167,-51.1,19.4,49,40,12.66,GL,2021-01-10 05:13:16
95,Yellowknife,62.456,-114.3525,8.6,85,1,11.5,CA,2021-01-10 05:13:17
96,Kaitangata,-46.2817,169.8464,64.99,52,90,15.99,NZ,2021-01-10 05:13:17
97,Port Lincoln,-34.7333,135.8667,84.67,29,75,17.02,AU,2021-01-10 05:13:17
98,Havoysund,70.9963,24.6622,21.2,63,1,17.27,NO,2021-01-10 05:12:11
99,New Norfolk,-42.7826,147.0587,78.01,33,59,4.0,AU,2021-01-10 05:13:17
100,Batticaloa,7.7102,81.6924,76.71,88,100,7.9,LK,2021-01-10 05:13:17
101,Talnakh,69.4865,88.3972,-23.03,75,0,3.42,RU,2021-01-10 05:13:17
102,Mount Isa,-20.7333,139.5,95.0,34,40,6.91,AU,2021-01-10 05:13:17
103,Nuuk,64.1835,-51.7216,28.4,93,90,8.03,GL,2021-01-10 05:11:17
104,Jumla,29.2747,82.1838,55.72,27,63,3.71,NP,2021-01-10 05:13:18
105,Stratford-Upon-Avon,52.1917,-1.7073,30.99,99,17,3.0,GB,2021-01-10 05:13:18
106,Galesong,-5.3166,119.3661,86.0,74,40,10.36,ID,2021-01-10 05:13:18
107,Guilin,25.2819,110.2864,46.4,25,90,8.95,CN,2021-01-10 05:13:18
108,Rawson,-43.3002,-65.1023,68.85,31,100,22.12,AR,2021-01-10 05:13:18
109,Ancud,-41.8697,-73.8203,53.01,87,20,11.5,CL,2021-01-10 05:13:18
110,Fairbanks,64.8378,-147.7164,6.8,78,75,1.95,US,2021-01-10 05:10:10
111,Byron Bay,-28.65,153.6167,79.0,53,40,14.97,AU,2021-01-10 05:09:36
112,Chokurdakh,70.6333,147.9167,-24.23,87,100,3.74,RU,2021-01-10 05:13:19
113,Tura,25.5198,90.2201,75.99,40,14,3.65,IN,2021-01-10 05:13:19
114,Zhigansk,66.7697,123.3711,-29.38,84,100,4.9,RU,2021-01-10 05:13:19
115,Bonthe,7.5264,-12.505,78.04,87,5,4.99,SL,2021-01-10 05:13:19
116,Olinda,-8.0089,-34.8553,77.0,73,20,3.44,BR,2021-01-10 05:12:07
117,Vostok,46.4856,135.8833,-8.37,83,100,5.21,RU,2021-01-10 05:13:19
118,Tiksi,71.6872,128.8694,-22.43,87,100,5.59,RU,2021-01-10 05:13:20
119,Arraial Do Cabo,-22.9661,-42.0278,76.35,91,18,15.41,BR,2021-01-10 05:13:20
120,North Platte,41.1239,-100.7654,33.8,69,90,3.44,US,2021-01-10 05:08:43
121,Nelson Bay,-32.7167,152.15,80.01,64,22,14.97,AU,2021-01-10 05:13:20
122,Faya,18.3851,42.4509,48.2,61,40,4.61,SA,2021-01-10 05:10:43
123,Inhambane,-23.865,35.3833,79.45,71,38,4.34,MZ,2021-01-10 05:13:20
124,Port Hardy,50.6996,-127.4199,41.0,87,90,28.77,CA,2021-01-10 05:13:20
125,Sitka,57.0531,-135.33,44.6,57,90,18.41,US,2021-01-10 05:13:20
126,Verin,41.9415,-7.4381,30.11,94,22,3.65,ES,2021-01-10 05:13:21
127,Vila Franca Do Campo,37.7167,-25.4333,50.0,71,40,2.3,PT,2021-01-10 05:13:21
128,Galle,6.0367,80.217,79.43,78,99,8.59,LK,2021-01-10 05:13:21
129,Longyearbyen,78.2186,15.6401,28.4,74,75,16.11,SJ,2021-01-10 05:13:21
130,Geraldton,-28.7667,114.6,80.6,54,40,21.85,AU,2021-01-10 05:13:22
131,Kudahuvadhoo,2.6708,72.8944,81.73,68,100,7.74,MV,2021-01-10 05:13:22
132,Zemen,42.4789,22.7492,37.0,95,99,3.98,BG,2021-01-10 05:13:22
133,Litomysl,49.8681,16.313,28.99,95,96,1.7,CZ,2021-01-10 05:13:22
134,Gaya,24.7833,85.0,75.2,53,77,11.5,IN,2021-01-10 05:13:22
135,Vardo,70.3705,31.1107,20.16,94,100,17.87,NO,2021-01-10 05:13:22
136,Alta,69.9689,23.2717,17.6,67,20,13.8,NO,2021-01-10 05:13:22
137,Yakima,46.4665,-120.6678,36.0,93,90,1.54,US,2021-01-10 05:13:22
138,Bethel,41.3712,-73.414,30.0,59,1,13.8,US,2021-01-10 05:11:12
139,Wakkanai,45.4094,141.6739,19.4,86,90,9.22,JP,2021-01-10 05:13:23
140,Tual,-5.6667,132.75,83.64,77,94,8.72,ID,2021-01-10 05:13:23
141,Sungaipenuh,-2.0833,101.3833,72.34,81,100,1.74,ID,2021-01-10 05:13:23
142,Suntar,62.1444,117.6319,-27.85,84,84,3.76,RU,2021-01-10 05:13:23
143,Cape Town,-33.9258,18.4232,66.99,68,20,20.71,ZA,2021-01-10 05:10:30
144,Atikokan,48.7555,-91.6216,13.96,97,78,3.67,CA,2021-01-10 05:13:23
145,Taoudenni,22.6783,-3.9836,62.28,38,0,13.0,ML,2021-01-10 05:13:24
146,Meru,0.0463,37.6559,63.27,65,81,1.59,KE,2021-01-10 05:13:24
147,Grindavik,63.8424,-22.4338,23.0,80,75,8.05,IS,2021-01-10 05:13:24
148,Itarema,-2.9248,-39.9167,78.39,81,69,11.18,BR,2021-01-10 05:13:24
149,Aklavik,68.2191,-135.0107,1.4,85,61,5.75,CA,2021-01-10 05:13:25
150,Llanes,43.4198,-4.7549,46.99,64,93,15.08,ES,2021-01-10 05:13:25
151,Ponta Delgada,37.7333,-25.6667,50.0,71,40,2.3,PT,2021-01-10 05:13:25
152,Lagoa,39.05,-27.9833,57.65,69,97,11.14,PT,2021-01-10 05:13:25
153,Poltavka,54.3663,71.7632,6.96,95,91,9.53,RU,2021-01-10 05:13:25
154,Joetsu,37.1483,138.2364,35.01,62,100,4.0,JP,2021-01-10 05:13:25
155,Nanortalik,60.1432,-45.2371,31.42,91,100,5.1,GL,2021-01-10 05:13:25
156,Kumba,4.6363,9.4469,72.21,93,1,0.96,CM,2021-01-10 05:13:25
157,Kutum,14.2,24.6667,53.29,40,0,10.74,SD,2021-01-10 05:13:26
158,Constitucion,-35.3333,-72.4167,51.1,80,36,7.29,CL,2021-01-10 05:13:26
159,Mar Del Plata,-38.0023,-57.5575,64.0,68,0,11.99,AR,2021-01-10 05:13:26
160,Inongo,-1.95,18.2667,71.04,91,26,4.12,CD,2021-01-10 05:13:26
161,Evensk,61.95,159.2333,-2.45,79,43,11.34,RU,2021-01-10 05:13:26
162,Santa Cruz,-17.8,-63.1667,77.0,83,40,11.5,BO,2021-01-10 05:13:26
163,Consett,54.854,-1.8316,39.0,92,100,1.01,GB,2021-01-10 05:13:26
164,Te Anau,-45.4167,167.7167,57.97,68,82,6.93,NZ,2021-01-10 05:13:26
165,Zabaykalsk,49.6333,117.3167,1.27,87,71,12.46,RU,2021-01-10 05:13:26
166,Leningradskiy,69.3833,178.4167,-20.69,84,93,5.17,RU,2021-01-10 05:13:27
167,Alta Floresta,-9.8756,-56.0861,71.94,97,100,1.99,BR,2021-01-10 05:13:27
168,Makakilo City,21.3469,-158.0858,75.2,69,75,3.47,US,2021-01-10 05:13:27
169,Ngunguru,-35.6167,174.5,70.0,86,95,1.99,NZ,2021-01-10 05:13:27
170,Fortuna,40.5982,-124.1573,53.01,81,1,9.22,US,2021-01-10 05:13:27
171,Dikson,73.5069,80.5464,-2.31,93,100,18.81,RU,2021-01-10 05:13:27
172,Poum,-20.2333,164.0167,82.58,79,100,17.56,NC,2021-01-10 05:10:37
173,Pyapon,16.2833,95.6833,88.7,47,1,3.91,MM,2021-01-10 05:13:27
174,Pitanga,-24.7572,-51.7614,65.75,98,40,5.7,BR,2021-01-10 05:13:27
175,Provideniya,64.3833,-173.3,-7.37,81,0,7.47,RU,2021-01-10 05:13:27
176,Ponta Do Sol,32.6667,-17.1,52.0,77,69,3.0,PT,2021-01-10 05:13:28
177,Camacha,33.0833,-16.3333,55.4,71,40,24.16,PT,2021-01-10 05:13:28
178,Touros,-5.1989,-35.4608,80.6,74,40,11.5,BR,2021-01-10 05:13:28
179,Omachi,36.5,137.8667,37.0,27,40,17.27,JP,2021-01-10 05:13:28
180,Cochrane,51.1834,-114.4687,19.0,73,1,3.44,CA,2021-01-10 05:11:06
181,Lasa,46.6166,10.7002,21.99,72,0,6.91,IT,2021-01-10 05:12:03
182,San Patricio,28.017,-97.5169,55.4,76,90,17.27,US,2021-01-10 05:13:28
183,Uni,57.7535,51.4923,8.11,94,100,17.63,RU,2021-01-10 05:13:28
184,Mukhen,48.1,136.1,-4.27,83,100,5.35,RU,2021-01-10 05:13:28
185,Mitsamiouli,-11.3847,43.2844,82.53,77,22,15.37,KM,2021-01-10 05:13:28
186,Kahului,20.8947,-156.47,71.6,83,90,12.66,US,2021-01-10 05:10:21
187,Gao,16.6362,1.637,71.22,20,0,10.07,ML,2021-01-10 05:13:29
188,Airai,-8.9266,125.4092,73.0,93,100,1.63,TL,2021-01-10 05:13:29
189,Bowling Green,36.9903,-86.4436,30.2,69,90,3.44,US,2021-01-10 05:13:29
190,Cavalcante,-13.7975,-47.4583,69.22,83,100,1.9,BR,2021-01-10 05:13:29
191,Basoko,1.2391,23.616,71.13,86,100,1.7,CD,2021-01-10 05:13:29
192,Antofagasta,-23.65,-70.4,64.4,82,75,6.91,CL,2021-01-10 05:09:08
193,Sola,-13.8833,167.55,81.79,71,86,4.9,VU,2021-01-10 05:13:29
194,Basco,20.4487,121.9702,67.12,76,90,28.23,PH,2021-01-10 05:13:29
195,Flinders,-34.5833,150.8552,77.0,69,7,15.01,AU,2021-01-10 05:13:29
196,Kamiiso,41.8167,140.65,19.4,79,75,14.97,JP,2021-01-10 05:13:29
197,Itoman,26.1247,127.6694,62.01,55,75,19.57,JP,2021-01-10 05:13:30
198,Jiuquan,39.7432,98.5174,17.85,82,15,17.31,CN,2021-01-10 05:13:30
199,Upernavik,72.7868,-56.1549,12.42,82,100,6.53,GL,2021-01-10 05:13:30
200,Lexington,37.9887,-84.4777,26.01,80,1,3.31,US,2021-01-10 05:10:04
201,Concarneau,47.875,-3.9225,33.8,86,0,8.05,FR,2021-01-10 05:13:30
202,Dahegam,23.1667,72.8167,69.8,83,40,11.5,IN,2021-01-10 05:13:30
203,Fougeres,48.35,-1.2,30.99,93,0,8.05,FR,2021-01-10 05:13:30
204,Lewistown,40.5992,-77.5714,33.8,60,1,9.22,US,2021-01-10 05:13:30
205,Najran,17.4924,44.1277,44.6,42,0,1.41,SA,2021-01-10 05:13:30
206,Chauny,49.6151,3.2186,30.99,100,90,4.61,FR,2021-01-10 05:13:30
207,Port Elizabeth,-33.918,25.5701,69.8,78,0,14.97,ZA,2021-01-10 05:10:18
208,Sungairaya,0.7,108.9,83.91,77,100,3.74,ID,2021-01-10 05:13:31
209,Wuwei,37.9281,102.6414,18.99,75,100,8.19,CN,2021-01-10 05:13:31
210,Kismayo,-0.3582,42.5454,78.39,75,37,19.6,SO,2021-01-10 05:13:31
211,Sorland,67.667,12.6934,32.85,94,100,29.12,NO,2021-01-10 05:13:31
212,Surgut,61.25,73.4167,-4.0,84,75,4.47,RU,2021-01-10 05:13:31
213,Kinwat,19.6333,78.2,82.42,33,76,2.21,IN,2021-01-10 05:13:31
214,Borogontsy,62.6683,131.1683,-34.49,82,100,2.15,RU,2021-01-10 05:13:31
215,Fetesti,44.3833,27.8333,37.99,100,20,11.5,RO,2021-01-10 05:13:31
216,Mokhsogollokh,61.4681,128.9203,-31.0,83,99,1.79,RU,2021-01-10 05:13:31
217,Saskylakh,71.9167,114.0833,-23.69,85,100,9.51,RU,2021-01-10 05:13:31
218,Thompson,55.7435,-97.8558,6.8,85,1,4.61,CA,2021-01-10 05:11:31
219,Cururupu,-1.8283,-44.8683,76.03,90,82,3.58,BR,2021-01-10 05:13:32
220,Sawakin,19.1059,37.3321,74.34,75,13,11.34,SD,2021-01-10 05:13:32
221,Luderitz,-26.6481,15.1594,68.07,57,22,15.28,NA,2021-01-10 05:13:32
222,Nizhniy Tsasuchey,50.5167,115.1333,9.16,77,97,8.75,RU,2021-01-10 05:13:32
223,Isangel,-19.55,169.2667,87.8,74,75,5.75,VU,2021-01-10 05:13:32
224,Hofn,64.2539,-15.2082,25.79,82,0,10.22,IS,2021-01-10 05:13:32
225,Garden City,42.3256,-83.331,28.4,80,1,3.11,US,2021-01-10 05:13:32
226,Rosia,45.8167,24.3167,25.0,100,75,2.3,RO,2021-01-10 05:13:32
227,Lorengau,-2.0226,147.2712,85.89,60,100,5.44,PG,2021-01-10 05:13:32
228,Kungurtug,50.5994,97.5228,-5.94,81,54,1.52,RU,2021-01-10 05:13:32
229,Tyubuk,56.0552,60.9405,-6.84,91,100,7.02,RU,2021-01-10 05:13:32
230,Melfort,52.8667,-104.6177,12.2,85,45,13.8,CA,2021-01-10 05:13:33
231,Khatanga,71.9667,102.5,-31.16,84,26,7.65,RU,2021-01-10 05:13:33
232,Catuday,16.2923,119.8062,77.88,65,3,8.75,PH,2021-01-10 05:13:33
233,Mogadishu,2.0371,45.3438,76.69,70,1,21.68,SO,2021-01-10 05:13:33
234,Guozhen,34.3659,107.359,34.97,48,81,5.95,CN,2021-01-10 05:13:33
235,Anloga,5.7947,0.8973,78.8,94,40,8.05,GH,2021-01-10 05:13:33
236,Khani,41.9563,42.9566,37.4,65,0,3.44,GE,2021-01-10 05:13:33
237,Adrar,20.5022,-10.0711,56.48,44,6,19.06,MR,2021-01-10 05:13:33
238,Manokwari,-0.8667,134.0833,82.81,72,100,1.86,ID,2021-01-10 05:13:33
239,Jalu,29.0331,21.5482,61.3,43,0,7.83,LY,2021-01-10 05:13:33
240,Kiunga,-6.1219,141.2906,83.26,84,100,3.58,PG,2021-01-10 05:13:34
241,Imeni Poliny Osipenko,52.4201,136.4853,-13.79,86,99,5.97,RU,2021-01-10 05:13:34
242,Mingaora,34.7758,72.3625,53.71,31,20,6.55,PK,2021-01-10 05:13:34
243,Anqing,30.5092,117.0506,42.1,49,55,7.16,CN,2021-01-10 05:13:34
244,Mount Gambier,-37.8333,140.7667,93.2,29,93,18.41,AU,2021-01-10 05:13:34
245,Vila,42.0304,-8.1588,48.99,65,0,20.71,PT,2021-01-10 05:10:46
246,Hauterive,46.0901,3.4459,28.4,74,90,10.36,FR,2021-01-10 05:13:34
247,Sioux Lookout,50.1001,-91.917,21.2,100,90,5.75,CA,2021-01-10 05:13:34
248,Paamiut,61.994,-49.6678,32.86,97,100,5.61,GL,2021-01-10 05:13:35
249,Amarpatan,24.3167,80.9833,75.51,53,24,3.98,IN,2021-01-10 05:13:35
250,Akyab,20.15,92.9,79.27,54,9,1.5,MM,2021-01-10 05:13:35
251,Batemans Bay,-35.7167,150.1833,82.99,47,22,3.0,AU,2021-01-10 05:08:52
252,Ankara,39.9199,32.8543,50.0,87,75,3.8,TR,2021-01-10 05:09:05
253,Port Blair,11.6667,92.75,83.14,71,61,15.37,IN,2021-01-10 05:09:05
254,Barcelos,41.5388,-8.6151,41.0,75,0,5.75,PT,2021-01-10 05:13:35
255,Merauke,-8.4667,140.3333,82.62,83,63,14.05,ID,2021-01-10 05:13:36
256,Khorixas,-20.3667,14.9667,64.76,61,93,4.9,NA,2021-01-10 05:13:36
257,Stepnyak,52.8339,70.7803,7.75,94,92,13.2,KZ,2021-01-10 05:13:36
258,Acapulco,16.8634,-99.8901,74.86,77,39,5.3,MX,2021-01-10 05:13:36
259,Gorontalo,0.5412,123.0595,88.68,63,12,3.58,ID,2021-01-10 05:13:36
260,Kodiak,57.79,-152.4072,35.6,93,90,19.57,US,2021-01-10 05:13:36
261,Black Forest,39.0131,-104.7008,24.01,100,90,2.77,US,2021-01-10 05:13:37
262,Lithakia,37.7167,20.8333,59.0,94,40,5.75,GR,2021-01-10 05:13:37
263,Waikuku,-43.3,172.6833,68.0,68,62,13.8,NZ,2021-01-10 05:13:37
264,Moba,33.2288,105.0179,25.68,59,83,7.94,CN,2021-01-10 05:13:37
265,Okahandja,-21.9833,16.9167,64.0,100,100,4.21,NA,2021-01-10 05:13:37
266,Mahebourg,-20.4081,57.7,80.6,89,75,9.22,MU,2021-01-10 05:13:37
267,Aleksandrovskiy Zavod,50.9237,117.9374,1.56,82,40,2.42,RU,2021-01-10 05:13:37
268,Berlevag,70.8578,29.0864,16.07,93,32,19.15,NO,2021-01-10 05:13:37
269,Pimentel,-6.8367,-79.9342,69.48,86,86,11.36,PE,2021-01-10 05:13:38
270,Jambi,-1.6,103.6167,75.18,91,100,7.54,ID,2021-01-10 05:13:38
271,Inirida,3.8653,-67.9239,73.18,95,100,0.49,CO,2021-01-10 05:13:38
272,Yumen,40.2833,97.2,17.55,71,37,38.68,CN,2021-01-10 05:13:38
273,Lazaro Cardenas,17.9583,-102.2,72.09,84,0,4.65,MX,2021-01-10 05:13:38
274,Baykit,61.67,96.37,-9.0,86,100,1.57,RU,2021-01-10 05:13:38
275,Black River,18.0264,-77.8487,73.4,88,75,2.3,JM,2021-01-10 05:13:38
276,Bardiyah,31.7561,25.0865,65.64,49,13,11.79,LY,2021-01-10 05:13:38
277,Chipinge,-20.1883,32.6236,68.68,89,71,2.51,ZW,2021-01-10 05:13:39
278,Buncrana,55.1333,-7.45,42.17,92,100,8.41,IE,2021-01-10 05:13:39
279,Gazanjyk,39.2446,55.5154,39.63,60,82,5.01,TM,2021-01-10 05:13:39
280,Channel-Port Aux Basques,47.5702,-59.1367,34.72,89,76,10.25,CA,2021-01-10 05:13:39
281,Norman Wells,65.282,-126.8329,-4.0,92,20,4.61,CA,2021-01-10 05:13:39
282,Namatanai,-3.6667,152.4333,85.5,68,98,7.14,PG,2021-01-10 05:13:40
283,Tahe,52.3333,124.7333,1.2,78,1,10.98,CN,2021-01-10 05:13:40
284,Sturgis,41.7992,-85.4192,23.0,93,1,2.33,US,2021-01-10 05:13:40
285,Palmer,42.1584,-72.3287,30.2,47,90,11.5,US,2021-01-10 05:13:40
286,Gobabis,-22.45,18.9667,69.35,79,100,4.41,NA,2021-01-10 05:11:07
287,Vestmanna,62.1564,-7.1664,30.2,86,75,13.8,FO,2021-01-10 05:13:41
288,Alice Springs,-23.7,133.8833,93.2,20,0,5.75,AU,2021-01-10 05:13:41
289,Thinadhoo,0.5333,72.9333,81.63,68,100,10.09,MV,2021-01-10 05:13:41
290,Goure,13.9835,10.2704,70.0,23,0,7.0,NE,2021-01-10 05:13:41
291,Carnarvon,-24.8667,113.6333,89.6,55,29,21.85,AU,2021-01-10 05:13:41
292,Komsomolskiy,40.4272,71.7189,23.0,58,0,2.3,UZ,2021-01-10 05:13:41
293,Saint George,37.1041,-113.5841,39.2,45,1,4.61,US,2021-01-10 05:13:41
294,Egvekinot,66.3167,-179.1667,-21.15,85,37,10.51,RU,2021-01-10 05:13:41
295,Axim,4.8699,-2.2405,78.58,88,0,6.67,GH,2021-01-10 05:13:42
296,Noumea,-22.2763,166.4572,82.4,83,90,4.61,NC,2021-01-10 05:13:42
297,Cidreira,-30.1811,-50.2056,76.95,80,0,18.07,BR,2021-01-10 05:13:42
298,Clyde River,70.4692,-68.5914,5.0,92,90,12.66,CA,2021-01-10 05:11:30
299,Kruisfontein,-34.0033,24.7314,69.01,70,9,1.01,ZA,2021-01-10 05:13:42
300,Lata,40.1629,-8.3327,41.0,78,44,7.0,PT,2021-01-10 05:13:42
301,Astana,51.1801,71.446,8.6,78,0,20.13,KZ,2021-01-10 05:12:57
302,Keti Bandar,24.1447,67.4497,67.42,26,0,18.88,PK,2021-01-10 05:13:43
303,Ramhormoz,31.28,49.6035,44.6,81,0,2.13,IR,2021-01-10 05:13:43
304,Vanderhoof,54.0166,-124.0198,27.07,96,100,7.56,CA,2021-01-10 05:13:43
305,Anzhero-Sudzhensk,56.081,86.0285,6.8,78,90,13.42,RU,2021-01-10 05:13:43
306,Vung Tau,10.346,107.0843,79.05,66,47,7.52,VN,2021-01-10 05:13:43
307,Kalmunai,7.4167,81.8167,78.42,86,100,11.56,LK,2021-01-10 05:13:43
308,Atambua,-9.1061,124.8925,83.17,75,98,4.23,ID,2021-01-10 05:13:43
309,Taltal,-25.4,-70.4833,63.57,76,2,2.24,CL,2021-01-10 05:10:20
310,Saint Anthony,45.0205,-93.218,19.4,86,90,4.65,US,2021-01-10 05:13:44
311,Tabuk,17.4189,121.4443,70.38,76,82,9.51,PH,2021-01-10 05:13:44
312,Pangnirtung,66.1451,-65.7125,6.76,86,100,0.11,CA,2021-01-10 05:13:44
313,Sept-Iles,50.2001,-66.3821,23.0,68,0,11.5,CA,2021-01-10 05:13:44
314,Cayenne,4.9333,-52.3333,73.4,100,75,11.5,GF,2021-01-10 05:13:44
315,Talalayivka,50.9578,31.9209,30.6,95,100,11.34,UA,2021-01-10 05:13:45
316,Arroio Grande,-32.2375,-53.0869,68.2,95,32,7.78,BR,2021-01-10 05:13:45
317,Sovetsk,55.0839,21.8785,26.06,98,94,2.86,RU,2021-01-10 05:13:45
318,Zgierz,51.8556,19.4062,32.0,93,90,5.75,PL,2021-01-10 05:13:45
319,Beyneu,45.3167,55.2,28.27,90,44,12.06,KZ,2021-01-10 05:13:45
320,Vila Velha,-20.3297,-40.2925,77.0,88,40,6.91,BR,2021-01-10 05:13:45
321,Helong,42.5397,128.9972,11.35,77,13,7.63,CN,2021-01-10 05:13:45
322,Lusambo,-4.9667,23.45,66.99,95,43,0.65,CD,2021-01-10 05:13:45
323,Bontang,0.1333,117.5,84.74,72,17,4.88,ID,2021-01-10 05:13:45
324,Victoria,22.2855,114.1577,59.0,34,96,1.01,HK,2021-01-10 05:10:46
325,King City,36.2127,-121.126,48.0,25,70,4.09,US,2021-01-10 05:13:37
326,Bilibino,68.0546,166.4372,-27.02,82,43,0.98,RU,2021-01-10 05:13:46
327,Yaan,7.3833,8.5667,70.93,65,22,2.75,NG,2021-01-10 05:13:46
328,Shimoda,34.6667,138.95,46.4,39,20,6.91,JP,2021-01-10 05:13:46
329,Majene,-3.5403,118.9707,86.05,67,43,5.17,ID,2021-01-10 05:13:46
330,Puerto Del Rosario,28.5004,-13.8627,59.0,67,0,10.36,ES,2021-01-10 05:13:46
331,Honningsvag,70.9821,25.9704,22.44,93,4,28.3,NO,2021-01-10 05:13:46
332,Half Moon Bay,37.4636,-122.4286,51.01,87,20,6.91,US,2021-01-10 05:12:27
333,Sesheke,-17.4759,24.2968,68.86,89,100,1.41,ZM,2021-01-10 05:13:47
334,High Level,58.5169,-117.136,14.0,92,1,3.44,CA,2021-01-10 05:13:47
335,Ozernovskiy,51.5,156.5167,23.07,86,100,22.73,RU,2021-01-10 05:13:47
336,Nicolas Bravo,18.45,-88.9167,59.67,92,0,2.06,MX,2021-01-10 05:13:47
337,Grand Gaube,-20.0064,57.6608,82.0,78,2,7.0,MU,2021-01-10 05:13:47
338,Rizhao,35.4275,119.4553,32.11,72,10,14.07,CN,2021-01-10 05:13:47
339,Narsaq,60.9167,-46.05,42.8,39,75,25.32,GL,2021-01-10 05:13:47
340,Atasu,48.6814,71.6433,7.34,90,100,8.14,KZ,2021-01-10 05:13:47
341,Sarangani,5.4033,125.4636,83.01,78,28,13.58,PH,2021-01-10 05:13:47
342,Suslovo,56.2167,88.1167,7.41,95,100,13.8,RU,2021-01-10 05:13:47
343,Shancheng,34.7953,116.0817,38.01,52,49,7.47,CN,2021-01-10 05:13:47
344,Ambilobe,-13.2,49.05,80.55,81,12,1.14,MG,2021-01-10 05:13:47
345,Rapid Valley,44.0625,-103.1463,28.4,93,90,6.91,US,2021-01-10 05:13:48
346,Ixtapa,20.7,-105.2,66.9,84,33,2.55,MX,2021-01-10 05:13:48
347,Songjianghe,42.1859,127.479,5.29,83,100,6.71,CN,2021-01-10 05:13:48
348,Yeppoon,-23.1333,150.7333,84.2,51,90,13.8,AU,2021-01-10 05:13:48
349,Whitehorse,60.7161,-135.0538,24.8,80,90,17.27,CA,2021-01-10 05:13:48
350,Bonavista,48.6499,-53.1147,32.0,100,96,7.09,CA,2021-01-10 05:13:48
351,Hovd,48.0056,91.6419,-0.92,80,0,2.91,MN,2021-01-10 05:13:48
352,Vredendal,-31.6683,18.5012,61.99,78,0,1.68,ZA,2021-01-10 05:13:49
353,Batagay,67.6333,134.6333,-22.52,86,100,1.95,RU,2021-01-10 05:13:49
354,Vyyezdnoye,55.3815,43.7864,20.19,97,100,7.92,RU,2021-01-10 05:13:49
355,Indianola,41.3581,-93.5574,21.99,86,90,5.75,US,2021-01-10 05:13:49
356,Griffith,41.5284,-87.4237,23.0,100,1,1.12,US,2021-01-10 05:13:49
357,Mayo,38.8876,-76.5119,39.2,60,1,8.05,US,2021-01-10 05:13:49
358,Koraput,18.8167,82.7167,78.91,27,49,2.89,IN,2021-01-10 05:11:09
359,Coahuayana,18.7333,-103.6833,69.12,85,7,2.89,MX,2021-01-10 05:13:49
360,Burns Lake,54.2331,-125.7533,24.8,93,100,3.44,CA,2021-01-10 05:13:50
361,Huarmey,-10.0681,-78.1522,70.12,86,60,5.82,PE,2021-01-10 05:13:50
362,Cedro,-6.6067,-39.0622,74.89,78,85,5.7,BR,2021-01-10 05:13:50
363,Lujan,-34.5703,-59.105,73.0,77,0,4.0,AR,2021-01-10 05:13:50
364,Haines Junction,60.7522,-137.5108,17.6,93,100,2.3,CA,2021-01-10 05:13:50
365,Hohhot,40.8106,111.6522,8.6,52,0,4.47,CN,2021-01-10 05:10:40
366,Mackay,-21.15,149.2,75.2,94,75,17.27,AU,2021-01-10 05:13:50
367,Stornoway,58.2093,-6.3865,35.01,86,75,5.75,GB,2021-01-10 05:13:51
368,Ailigandi,9.2333,-78.0167,78.62,82,81,3.04,PA,2021-01-10 05:13:51
369,Rodos,36.4408,28.2225,61.0,88,20,3.44,GR,2021-01-10 05:13:51
370,Bayevo,53.2833,80.7667,9.59,91,100,19.51,RU,2021-01-10 05:13:51
371,Saint-Francois,46.4154,3.9054,30.0,80,75,8.05,FR,2021-01-10 05:13:51
372,Kavieng,-2.5744,150.7967,85.78,66,96,3.78,PG,2021-01-10 05:13:51
373,Sur,22.5667,59.5289,68.05,35,0,14.27,OM,2021-01-10 05:13:51
374,Katsuura,35.1333,140.3,45.0,39,20,5.75,JP,2021-01-10 05:13:51
375,Wamba,8.9333,8.6,67.28,26,55,1.59,NG,2021-01-10 05:13:52
376,Henties Bay,-22.116,14.2845,68.0,81,100,3.0,NA,2021-01-10 05:13:52
377,Maarianhamina,60.0973,19.9348,30.2,86,90,5.75,AX,2021-01-10 05:13:52
378,Husavik,66.0449,-17.3389,19.4,58,90,11.5,IS,2021-01-10 05:11:11
379,Karasburg,-28.0167,18.75,67.03,38,8,7.7,NA,2021-01-10 05:13:52
380,Roald,62.5833,6.1333,35.6,69,20,20.71,NO,2021-01-10 05:13:52
381,Canberra,-35.2835,149.1281,89.01,23,40,8.05,AU,2021-01-10 05:10:19
382,Tomatlan,19.9333,-105.25,68.61,82,31,3.13,MX,2021-01-10 05:12:01
383,Channagiri,14.0333,75.9333,77.13,62,27,6.96,IN,2021-01-10 05:13:52
384,Hervey Bay,-25.2986,152.8535,79.0,72,99,8.99,AU,2021-01-10 05:13:52
385,Kiruna,67.8557,20.2251,15.8,92,90,6.91,SE,2021-01-10 05:13:53
386,Cheyenne,41.14,-104.8203,24.8,86,90,3.44,US,2021-01-10 05:10:55
387,Codrington,-38.2667,141.9667,74.95,58,100,11.34,AU,2021-01-10 05:13:53
388,Tottori,35.5,134.2333,37.4,65,40,5.75,JP,2021-01-10 05:13:53
389,Juneau,58.3019,-134.4197,37.4,75,90,21.85,US,2021-01-10 05:10:56
390,Asau,46.4333,26.4,28.4,100,20,3.44,RO,2021-01-10 05:13:53
391,Malayal,7.208,121.942,84.2,79,75,8.05,PH,2021-01-10 05:13:53
392,Chara,56.9064,118.2631,-5.64,80,100,2.95,RU,2021-01-10 05:13:53
393,San Juan,-31.5375,-68.5364,80.35,45,1,2.51,AR,2021-01-10 05:11:40
394,Pisco,-13.7,-76.2167,68.0,88,0,6.91,PE,2021-01-10 05:09:10
395,Changchun,43.88,125.3228,10.4,61,0,8.95,CN,2021-01-10 05:10:08
396,Waipawa,-41.4122,175.5153,68.0,72,20,25.32,NZ,2021-01-10 05:13:53
397,Kaeo,-35.1,173.7833,70.0,86,79,1.99,NZ,2021-01-10 05:12:10
398,Agropoli,40.3469,14.9966,57.0,91,100,5.99,IT,2021-01-10 05:13:54
399,Isiro,2.7739,27.616,65.46,90,5,2.24,CD,2021-01-10 05:13:54
400,Gogrial,8.5332,28.1004,64.47,28,46,5.97,SS,2021-01-10 05:13:54
401,Kyshtovka,56.555,76.6271,9.01,95,100,6.98,RU,2021-01-10 05:13:54
402,Coquimbo,-29.9533,-71.3436,55.4,88,0,3.44,CL,2021-01-10 05:09:09
403,Inuvik,68.3499,-133.7218,1.4,85,1,5.75,CA,2021-01-10 05:13:54
404,Pinotepa Nacional,16.3167,-98.0167,70.72,93,4,2.53,MX,2021-01-10 05:13:55
405,Jyvaskyla,62.2415,25.7209,9.0,85,90,5.75,FI,2021-01-10 05:13:55
406,Bokaa,-24.45,26.0167,75.2,73,0,5.75,BW,2021-01-10 05:13:55
407,Gallipoli,40.4103,26.6708,50.0,93,75,12.66,TR,2021-01-10 05:13:55
408,Yakeshi,49.2833,120.7333,-8.82,88,98,4.21,CN,2021-01-10 05:13:55
409,Artyom,40.4723,50.333,41.0,93,90,9.22,AZ,2021-01-10 05:13:55
410,Olafsvik,64.8945,-23.7142,24.71,86,68,7.16,IS,2021-01-10 05:13:55
411,Wanaka,-44.7,169.15,64.78,49,73,9.53,NZ,2021-01-10 05:13:55
412,Taber,49.8167,-112.1518,24.8,86,13,11.5,CA,2021-01-10 05:13:55
413,Hof,50.3167,11.9167,28.0,80,76,2.01,DE,2021-01-10 05:13:56
414,Buchanan,5.8808,-10.0467,77.65,87,61,5.7,LR,2021-01-10 05:13:56
415,Banff,51.1762,-115.5698,26.6,79,28,8.05,CA,2021-01-10 05:13:56
416,Nioro,13.35,-15.75,67.62,40,49,9.86,GM,2021-01-10 05:13:56
417,Ostrovnoy,68.0531,39.5131,4.05,92,85,12.01,RU,2021-01-10 05:13:56
418,Igurubi,-4.0,33.7,66.4,84,100,1.23,TZ,2021-01-10 05:13:56
419,Los Llanos De Aridane,28.6585,-17.9182,60.8,55,20,2.3,ES,2021-01-10 05:13:57
420,San Rafael,-34.6177,-68.3301,70.84,57,19,2.8,AR,2021-01-10 05:13:57
421,Barabinsk,55.3571,78.357,8.47,95,100,10.96,RU,2021-01-10 05:13:57
422,Flin Flon,54.7682,-101.865,18.28,97,0,9.98,CA,2021-01-10 05:13:57
423,Broken Hill,-31.95,141.4333,93.2,17,0,12.66,AU,2021-01-10 05:13:57
424,Toccoa,34.5773,-83.3324,32.0,86,1,3.78,US,2021-01-10 05:13:57
425,Chiautla,19.5333,-98.8833,57.2,58,75,5.75,MX,2021-01-10 05:13:57
426,Nalut,30.3333,10.85,66.52,27,0,20.85,LY,2021-01-10 05:13:57
427,Buala,-8.145,159.5921,85.95,70,82,7.94,SB,2021-01-10 05:10:02
428,Salumbar,24.1333,74.05,60.8,94,90,4.61,IN,2021-01-10 05:13:57
429,Svetlogorsk,52.6333,29.7333,18.93,97,86,5.53,BY,2021-01-10 05:13:58
430,Nyurba,63.2842,118.3319,-21.33,86,98,5.79,RU,2021-01-10 05:13:58
431,Nouakchott,18.0858,-15.9785,60.8,51,0,23.02,MR,2021-01-10 05:13:58
432,Tuscaloosa,33.2098,-87.5692,37.4,70,90,9.22,US,2021-01-10 05:10:21
433,Ust-Kulom,61.6864,53.6902,-1.89,92,99,6.4,RU,2021-01-10 05:13:59
434,Forestville,38.8451,-76.875,39.2,56,1,14.97,US,2021-01-10 05:13:59
435,Torit,4.4133,32.5678,79.39,36,72,0.67,SS,2021-01-10 05:13:59
436,Namibe,-15.1961,12.1522,68.43,77,43,3.51,AO,2021-01-10 05:13:59
437,Oyo,7.85,3.9333,72.14,92,0,2.33,NG,2021-01-10 05:11:00
438,Ahipara,-35.1667,173.1667,68.16,71,46,10.36,NZ,2021-01-10 05:13:59
439,Ventspils,57.3894,21.5606,24.8,100,0,4.61,LV,2021-01-10 05:13:59
440,Kawalu,-7.3817,108.2082,81.0,77,95,4.12,ID,2021-01-10 05:14:00
441,Belvedere Marittimo,39.6179,15.8617,48.99,93,75,4.61,IT,2021-01-10 05:14:00
442,Gwadar,25.1216,62.3254,61.41,30,0,17.22,PK,2021-01-10 05:14:01
443,La Ronge,55.1001,-105.2842,17.6,79,45,3.44,CA,2021-01-10 05:14:01
444,Xinpu,34.5997,119.1594,37.36,55,34,9.89,CN,2021-01-10 05:14:01
445,Ardakan,32.31,54.0175,23.0,46,0,2.3,IR,2021-01-10 05:14:01
446,Talara,-4.5772,-81.2719,71.46,78,71,12.59,PE,2021-01-10 05:14:01
447,Bilma,18.6853,12.9164,66.78,25,0,8.43,NE,2021-01-10 05:14:01
448,Cairns,-16.9167,145.7667,81.0,89,40,5.75,AU,2021-01-10 05:14:02
449,Dowa,-13.654,33.9375,66.2,94,75,4.65,MW,2021-01-10 05:14:02
450,Rehoboth,-23.3167,17.0833,71.02,65,100,3.94,NA,2021-01-10 05:14:03
451,Bairiki,1.3292,172.9752,84.2,74,40,14.97,KI,2021-01-10 05:14:03
452,Linxia,35.6003,103.2064,18.64,66,100,5.91,CN,2021-01-10 05:14:03
453,Sao Filipe,14.8961,-24.4956,71.51,71,70,16.15,CV,2021-01-10 05:13:54
454,Aitape,-3.1374,142.3475,84.88,72,99,5.35,PG,2021-01-10 05:14:03
455,Sovetskiy,61.3614,63.5842,-15.52,89,91,5.12,RU,2021-01-10 05:14:03
456,Mareeba,-17.0,145.4333,81.0,89,40,5.75,AU,2021-01-10 05:14:04
457,Rudnogorsk,57.2639,103.7519,0.5,93,100,8.43,RU,2021-01-10 05:14:04
458,Iqaluit,63.7506,-68.5145,12.2,85,90,4.61,CA,2021-01-10 05:14:04
459,Namalenga,-10.95,39.1,75.65,90,100,5.14,TZ,2021-01-10 05:14:05
460,Rio Cuarto,-33.1307,-64.3499,66.99,90,0,10.0,AR,2021-01-10 05:14:05
461,Male,4.1748,73.5089,86.0,70,75,5.75,MV,2021-01-10 05:14:05
462,Nuevo Progreso,23.1667,-97.95,64.0,75,100,1.99,MX,2021-01-10 05:14:07
463,Svitavy,49.7559,16.4683,28.99,99,75,2.86,CZ,2021-01-10 05:14:07
464,Sibolga,1.7427,98.7792,85.71,63,69,1.99,ID,2021-01-10 05:14:07
465,Isla Mujeres,21.2311,-86.731,73.99,94,40,3.44,MX,2021-01-10 05:14:07
466,Litovko,49.2361,135.1742,-6.77,67,12,4.07,RU,2021-01-10 05:14:07
467,Porbandar,21.6422,69.6093,66.2,52,19,3.44,IN,2021-01-10 05:14:08
468,Imbituba,-28.24,-48.6703,78.8,83,20,3.44,BR,2021-01-10 05:14:08
469,Roebourne,-20.7833,117.1333,105.33,16,10,13.29,AU,2021-01-10 05:14:08
470,Hay River,60.8156,-115.7999,23.0,74,0,6.91,CA,2021-01-10 05:14:08
471,The Valley,18.217,-63.0578,78.8,78,40,6.91,AI,2021-01-10 05:14:08
472,Panjab,34.388,67.0233,10.92,67,0,4.99,AF,2021-01-10 05:14:08
473,Poso,-1.3959,120.7524,86.81,63,21,5.79,ID,2021-01-10 05:14:08
474,Garwolin,51.8975,21.6147,33.01,50,95,6.89,PL,2021-01-10 05:14:08
475,Jingdezhen,29.2947,117.2079,46.9,42,12,3.65,CN,2021-01-10 05:14:09
476,Christchurch,-43.5333,172.6333,68.0,68,57,13.8,NZ,2021-01-10 05:10:53
477,Diffa,13.3154,12.6113,66.65,33,0,10.67,NE,2021-01-10 05:14:09
478,Havre-Saint-Pierre,50.2334,-63.5986,21.2,73,1,10.36,CA,2021-01-10 05:14:09
479,Kashi,39.4547,75.9797,14.0,85,75,6.71,CN,2021-01-10 05:14:09
480,Nichinan,31.6,131.3667,46.4,31,20,5.75,JP,2021-01-10 05:14:09
481,Lethem,3.3803,-59.7968,75.04,85,94,8.25,GY,2021-01-10 05:14:09
482,Livadia,38.435,22.8739,57.99,82,84,4.09,GR,2021-01-10 05:14:10
483,Kemijarvi,66.7131,27.4306,0.91,92,84,6.33,FI,2021-01-10 05:14:10
484,Coolum Beach,-26.5333,153.1,78.01,77,89,5.01,AU,2021-01-10 05:14:10
485,Port Hedland,-20.3167,118.5667,105.8,17,33,12.66,AU,2021-01-10 05:14:10
486,Nova Venecia,-18.7106,-40.4006,72.79,94,46,3.22,BR,2021-01-10 05:13:21
487,Zomin,39.9606,68.3958,30.2,80,0,1.72,UZ,2021-01-10 05:14:10
488,Paso De Carrasco,-34.8603,-56.0522,64.0,77,0,4.61,UY,2021-01-10 05:14:10
489,Taua,-5.9667,-40.3,73.63,74,85,7.65,BR,2021-01-10 05:14:10
490,Son La,21.3167,103.9,50.09,47,95,4.47,VN,2021-01-10 05:14:11
491,Nago,26.5881,127.9761,62.6,48,75,14.97,JP,2021-01-10 05:14:11
492,Maniitsoq,65.4167,-52.9,26.51,89,100,9.01,GL,2021-01-10 05:14:11
493,Naryan-Mar,67.6713,53.087,-10.07,85,0,6.06,RU,2021-01-10 05:14:11
494,Mankono,8.0586,-6.1897,73.99,78,9,5.14,CI,2021-01-10 05:14:11
495,Ballina,-28.8667,153.5667,79.0,53,40,14.97,AU,2021-01-10 05:14:11
496,Portland,45.5234,-122.6762,44.6,65,75,16.11,US,2021-01-10 05:09:56
497,Hasaki,35.7333,140.8333,45.0,28,20,6.91,JP,2021-01-10 05:12:49
498,Usakos,-22.0,15.6,66.99,82,100,6.2,NA,2021-01-10 05:14:12
499,Warren,39.4334,-84.1666,26.6,100,1,0.89,US,2021-01-10 05:14:12
500,Kiyasovo,56.3491,53.1244,14.0,89,100,10.0,RU,2021-01-10 05:14:12
501,Burnie,-41.0667,145.9167,72.0,67,52,11.01,AU,2021-01-10 05:14:12
502,Pocoes,-14.5297,-40.3653,67.5,96,72,5.88,BR,2021-01-10 05:14:12
503,Avera,33.194,-82.5271,34.0,93,1,4.61,US,2021-01-10 05:14:13
504,Dingle,10.9995,122.6711,76.32,87,100,15.21,PH,2021-01-10 05:14:13
505,Nazarovo,56.0064,90.3914,6.96,94,100,9.75,RU,2021-01-10 05:14:13
506,Kainantu,-6.2887,145.8655,74.07,73,100,3.29,PG,2021-01-10 05:14:13
507,Hengyang,26.8881,112.615,45.19,53,98,5.86,CN,2021-01-10 05:14:13
508,Phan Thiet,10.9333,108.1,81.39,58,69,11.68,VN,2021-01-10 05:14:13
509,Naze,28.3667,129.4833,51.8,76,75,10.36,JP,2021-01-10 05:14:14
510,Russell,32.3502,-85.1999,35.6,69,90,6.91,US,2021-01-10 05:14:14
511,Muros,42.7762,-9.0603,46.99,72,99,5.99,ES,2021-01-10 05:14:14
512,Pori,61.4833,21.7833,21.2,93,90,11.5,FI,2021-01-10 05:14:14
513,Blagoyevo,63.3667,47.9167,-4.04,91,85,5.66,RU,2021-01-10 05:14:14
514,Kodinar,20.7903,70.7031,81.95,49,3,9.55,IN,2021-01-10 05:14:14
515,Tres Palos,18.1833,-101.6167,66.4,83,0,2.51,MX,2021-01-10 05:14:15
516,Yulara,-25.2406,130.9889,96.8,11,0,6.91,AU,2021-01-10 05:14:15
517,Aksarka,66.5606,67.7975,-19.82,87,81,10.78,RU,2021-01-10 05:14:15
518,East Wenatchee Bench,47.4257,-120.2812,36.0,100,90,0.51,US,2021-01-10 05:14:15
519,Sarkand,45.41,79.9186,23.45,78,7,1.59,KZ,2021-01-10 05:14:15
520,Champaign,40.1334,-88.2001,28.4,74,90,6.91,US,2021-01-10 05:14:15
521,Krasnodon,48.2923,39.7373,29.14,93,66,10.02,UA,2021-01-10 05:13:18
522,Karachi,24.9056,67.0822,60.8,23,0,5.75,PK,2021-01-10 05:14:15
523,Panacan,9.2463,118.4082,87.8,66,75,25.32,PH,2021-01-10 05:14:16
524,Fort Nelson,58.8053,-122.7002,5.0,85,75,2.3,CA,2021-01-10 05:14:16
525,Teknaf,20.8624,92.3058,80.58,39,8,4.85,BD,2021-01-10 05:14:16
526,Djenne,13.9061,-4.5533,71.89,21,0,6.17,ML,2021-01-10 05:14:16
527,Ishigaki,24.3448,124.1572,59.0,58,75,11.5,JP,2021-01-10 05:14:16
528,Bathsheba,13.2167,-59.5167,78.8,78,40,21.85,BB,2021-01-10 05:11:09
529,Dehloran,32.6941,47.2679,52.92,39,0,1.7,IR,2021-01-10 05:14:16
530,Ensley,30.5188,-87.2728,35.01,75,1,7.02,US,2021-01-10 05:14:16
531,Gushikawa,26.3544,127.8686,62.6,48,75,14.97,JP,2021-01-10 05:14:16
532,Dhankuta,26.9833,87.3333,65.19,44,100,3.56,NP,2021-01-10 05:14:17
533,Laguna,38.421,-121.4238,45.0,81,1,4.61,US,2021-01-10 05:14:17
534,Tamandare,-8.7597,-35.1047,76.96,79,76,9.06,BR,2021-01-10 05:14:17
535,Gizo,-8.103,156.8419,85.24,70,56,4.9,SB,2021-01-10 05:14:17
536,Hamilton,39.1834,-84.5333,27.0,93,1,0.69,US,2021-01-10 05:14:17
537,Mumford,5.2618,-0.759,77.94,90,11,8.95,GH,2021-01-10 05:14:17
538,Weligama,5.9667,80.4167,83.44,66,100,4.16,LK,2021-01-10 05:14:17
